head2,head4,head6
0.9201018,14,y
0.5963242,10,s
0.80274,2,e
0.8763074,3,k
0.1328795,1,r
0.3056452,20,i
0.2734099,23,a
0.1731265,4,p
0.7124847,5,m
0.2824091,12,a
0.0523007,0,z
0.5270553,17,d
0.3202022,6,f
0.9965218,13,n
