head2,head4,head6
0.0606988,25,o
0.401169,8,q
0.0395464,11,j
0.4409516,18,u
0.8912628,9,t
0.5076998,15,x
0.3962736,22,c
0.5650445,7,w
0.0135083,24,l
0.8413007,19,g
0.1266622,21,v
0.3177137,26,b
0.0492435,16,h
