head2,head4
0.060698805,25
0.40116903,8
0.03954637,11
0.440951591,18
0.891262839,9
0.507699792,15
0.396273631,22
0.565044458,7
0.013508331,24
0.841300741,19
0.126662171,21
0.31771373,26
0.049243499,16
0.920101783,14
0.596324211,10
0.802740035,2
0.876307404,3
0.132879521,1
0.30564522,20
0.273409937,23
0.17312655,4
0.712484717,5
0.282409141,12
0.052300672,0
0.527055285,17
0.320202245,6
0.996521752,13
